Sample Volume (ml)	50.000000 
Titrant normality	0.050000 
Equivalent Volume (ml)	0.031358 
ANC (eq/L)	0.000031 
correlation coefficient	0.999806 

Titrant Volume (ml)	pH	F1
0.100000	4.024741	0.000095
0.200000	3.622161	0.000240
0.300000	3.428474	0.000375
