Sample Volume (ml)	50.000000 
Titrant normality	0.050000 
Equivalent Volume (ml)	0.244747 
ANC (eq/L)	0.000245 
correlation coefficient	0.999996 

Titrant Volume (ml)	pH	F1
0.100000	5.335623	0.000005
0.200000	4.794281	0.000016
0.300000	4.123656	0.000076
0.400000	3.717677	0.000193
0.500000	3.501569	0.000318
0.600000	3.359636	0.000442
