Sample Volume (ml)	50.000000 
Titrant normality	0.050000 
Equivalent Volume (ml)	0.240593 
ANC (eq/L)	0.000241 
correlation coefficient	0.999426 

Titrant Volume (ml)	pH	F1
0.100000	5.337743	0.000005
0.200000	4.779585	0.000017
0.300000	4.098112	0.000080
0.400000	3.695176	0.000203
0.500000	3.470502	0.000342
