Sample Volume (ml)	50.000000 
Titrant normality	0.050000 
Equivalent Volume (ml)	0.541793 
ANC (eq/L)	0.000542 
correlation coefficient	0.999733 

Titrant Volume (ml)	pH	F1
0.200000	5.713208	0.000002
0.400000	5.217929	0.000006
0.600000	4.107187	0.000079
0.700000	3.691038	0.000207
0.800000	3.469516	0.000345
