Sample Volume (ml)	50.000000 
Titrant normality	0.050000 
Equivalent Volume (ml)	-0.032233 
ANC (eq/L)	-0.000032 
correlation coefficient	0.999859 

Titrant Volume (ml)	pH	F1
0.200000	3.750359	0.000178
0.400000	3.412218	0.000390
0.600000	3.249421	0.000570
0.800000	3.135763	0.000743
1.000000	3.039074	0.000932
