Sample Volume (ml)	50.000000 
Titrant normality	0.050000 
Equivalent Volume (ml)	1.025259 
ANC (eq/L)	0.001025 
correlation coefficient	0.999967 

Titrant Volume (ml)	pH	F1
0.200000	6.203594	0.000001
0.400000	5.960607	0.000001
0.600000	5.672491	0.000002
0.800000	5.286484	0.000005
1.000000	4.543947	0.000029
1.100000	4.022531	0.000097
1.200000	3.677668	0.000215
1.300000	3.479355	0.000340
1.400000	3.347404	0.000462
