Sample Volume (ml)	50.000000 
Titrant normality	0.050000 
Equivalent Volume (ml)	0.551829 
ANC (eq/L)	0.000552 
correlation coefficient	0.999970 

Titrant Volume (ml)	pH	F1
0.200000	5.742221	0.000002
0.400000	5.254490	0.000006
0.600000	4.163923	0.000069
0.700000	3.730336	0.000189
0.800000	3.504352	0.000318
0.900000	3.360267	0.000444
