Sample Volume (ml)	50.000000 
Titrant normality	0.050000 
Equivalent Volume (ml)	0.028485 
ANC (eq/L)	0.000028 
correlation coefficient	0.999993 

Titrant Volume (ml)	pH	F1
0.100000	4.020191	0.000096
0.200000	3.638709	0.000231
0.300000	3.441542	0.000364
