Sample Volume (ml)	50.000000 
Titrant normality	0.050000 
Equivalent Volume (ml)	1.018330 
ANC (eq/L)	0.001018 
correlation coefficient	0.999942 

Titrant Volume (ml)	pH	F1
0.200000	6.183073	0.000001
0.400000	5.924561	0.000001
0.600000	5.642037	0.000002
0.800000	5.259030	0.000006
1.000000	4.504195	0.000032
1.100000	3.979614	0.000107
1.200000	3.639514	0.000235
1.300000	3.445967	0.000367
